2021-12-24;Martin Jacques
2021-12-24;Martin Marie
2021-12-24;Martin Amelie
2021-12-24;Martin Paul
2021-12-24;Martin Jeanne
2021-11-23;Poulin Olivier
2021-11-23;Tournet Axelle
2021-11-14;Paul Olivier
2021-11-14;Paul Aline
2021-11-14;Fournier Maxime
2021-11-14;Fournier Lauranne
2021-11-14;Sournats Paul
2021-11-14;Sournats Muriel
2021-10-24;Martin Marie
2021-10-24;Paul Olivier
2021-10-24;Paul Aline
2021-06-23;Poulin Olivier
2021-06-23;Tournet Axelle
2021-06-14;Paul Olivier
2021-06-14;Paul Aline
2021-11-23;Richird Paul
2021-12-20;Richird Paul
2021-10-21;Richird Paul
2021-09-14;Richird Paul
2021-07-13;Richird Paul
2021-07-01;Richird Paul
2021-06-14;Richird Paul
